origin_city,destination_city,weight_tons,distance_miles,price_per_ton_mile
Los Angeles CA,Seattle WA,0.010368,958.877145712779,0.00124416
Laredo TX,Arkansas,0.01443,674.3863911086939,0.0017316
Rest of WI,Fort Wayne IN,5.152296,200.11240829796927,0.6182755199999999
Arkansas,Rest of OH,0.013843,719.7115729429557,0.0016611599999999999
Nashville TN,Rest of TN,0.000542,4836.230293438476,6.503999999999997e-05
Sacramento CA,Fresno CA,0.000513,157.95306406897245,6.155999999999972e-05
Tampa FL,Rest of AZ,4e-05,1687.692523671543,4.7999999999999955e-06
Rest of VA,Tucson AZ,7.163338,1960.701338384539,0.85960056
Arkansas,Savannah GA,2.25569,885.4285064763277,0.27068279999999995
Rest of AL,Rest of MD,0.303297,690.2428587220032,0.03639563999999999
Rest of WI,Greenville SC,0.055322,640.8463680885345,0.00663864
Rest of KY,Los Angeles CA,0.192986,2000.43216204147,0.023158319999999996
Rest of CA,Seattle WA,0.202769,1994.8197030097272,0.024332279999999998
Rest of WI,Los Angeles CA,0.000626,1741.2991911268975,7.511999999999997e-05
Columbus OH,Idaho,0.000129,1611.97319963246,1.547999999999995e-05
Fresno CA,Houston TX,0.003776,1488.371486688847,0.00045311999999999994
Savannah GA,Miami FL,0.004306,1216.200129359304,0.0005167199999999999
Rest of IL,New Mexico,0.013687,1114.773663012913,0.00164244
Savannah GA,Rest of GA,3.5e-05,3486.7605394923075,4.199999999999974e-06
Rest of KS,New Mexico,0.00155,555.2891802582951,0.00018599999999999983
Baltimore MD,Oklahoma City OK,0.033088,1177.3611977187877,0.00397056
Dayton OH,Rest of VA,0.014706,397.36259517268695,0.00176472
Rest of IL,Rest of CA,0.073553,442.0800299612199,0.008826359999999998
North Dakota,Nashville TN,0.046958,1059.4725982773934,0.00563496
Greenville SC,Raleigh-Durham NC,0.052644,215.89717059899425,0.00631728
San Diego CA,Los Angeles CA,0.152357,111.09265847222484,0.018282839999999998
Austin TX,Tucson AZ,0.000493,794.0703463577739,5.915999999999999e-05
Rest of CA,San Francisco CA,5.096101,2223.365496058656,0.6115321199999999
Rest of FL,Seattle WA,0.782992,2415.8735863017646,0.09395904000000001
Rest of CA,New Mexico,0.226864,1545.8419251811342,0.02722368
Rest of MN,Fort Wayne IN,1.015329,667.908238239886,0.12183947999999997
Charleston SC,Orlando FL,0.068681,304.98584238364447,0.008241720000000001
Rest of SC,Atlanta GA,0.258275,118.19846715455614,0.030992999999999996
Salt Lake City UT,Rest of CA,0.011987,1624.4781556885243,0.0014384399999999998
Greenville SC,Savannah GA,0.013563,608.0085419630025,0.00162756
Rest of TN,Hartford CT,1.1e-05,4006.9712361716506,1.3199999999999804e-06
Milwaukee WI,Laredo TX,0.706951,1252.6941267355269,0.08483412
Salt Lake City UT,Savannah GA,0.000924,1654.353477976562,0.00011088
Laredo TX,Montana,0.003461,1476.091871796411,0.00041532
Montana,Iowa,0.002169,886.2013869796237,0.00026027999999999994
Mississippi,Columbus OH,1.34043,610.3200354083538,0.16085159999999998
New Mexico,Rest of NE,0.015548,7994.45860175496,0.0018657599999999997
Dayton OH,Laredo TX,0.348275,1218.2763969456769,0.041793
Orlando FL,Savannah GA,0.024637,1029.3079697893745,0.0029564400000000003
Rest of FL,Rest of TN,4.8e-05,4944.765452476015,5.7599999999999914e-06
Fort Wayne IN,Nashville TN,0.124383,350.5488172654008,0.014925959999999997
Charleston SC,Rest of GA,0.003317,3976.860489855285,0.00039803999999999995
Rest of TX,Houston TX,0.000317,427.8731791669677,3.8039999999999887e-05
Rest of PA,Rest of WI,0.87301,780.8461778070713,0.1047612
Rest of CT,Rest of MA,0.048639,612.7681835411463,0.00583668
Detroit MI,Grand Rapids MI,0.124541,140.49654010964787,0.014944919999999999
Rest of SC,Savannah GA,4.001531,632.1043764960423,0.48018372
Dayton OH,Rest of TX,0.411221,974.4554753389596,0.049346520000000005
San Francisco CA,Rest of OR,5.567752,321.8412225122945,0.6681302399999999
Rest of DE,Baltimore MD,0.028332,4016.667416021304,0.0033998400000000003
Greenville SC,Savannah GA,0.024317,608.0085419630025,0.00291804
Beaumont TX,Rest of FL,0.042562,684.9567076611414,0.00510744
Charleston SC,Columbus OH,0.008449,523.1605881878091,0.0010138799999999998
Laredo TX,Austin TX,6e-06,218.27146054014855,7.199999999999681e-07
Tulsa OK,Rest of NE,16.95893,8211.713258697453,2.0350715999999998
San Francisco CA,Tampa FL,0.117849,2401.031986976913,0.01414188
Rest of NY,Rest of FL,3.588232,877.9473838532163,0.43058783999999994
Dayton OH,Rest of KS,0.113953,704.5460652500058,0.01367436
Houston TX,Corpus Christi TX,0.157553,184.7714703749922,0.01890636
Iowa,Rest of IL,0.000602,295.8162083914373,7.223999999999989e-05
Oklahoma City OK,Rest of WA,0.006049,10333.461970035434,0.0007258799999999999
Richmond VA,Miami FL,0.406729,9316.860264088476,0.048807479999999986
West Virginia,Rest of VA,1.048821,326.09260561952016,0.12585852
Montana,Rest of UT,0.003529,4319.294097562515,0.0004234799999999999
Rest of PA,Miami FL,0.00715,521.344690693401,0.0008579999999999998
Rest of SC,Laredo TX,5.307815,1114.138519381343,0.6369378
Houston TX,Rest of TX,4.528951,427.8731791669677,0.54347412
Beaumont TX,Oklahoma City OK,0.011613,421.3057228915218,0.00139356
Hartford CT,Baton Rouge LA,0.002418,1080.5656730634018,0.0002901599999999999
Columbus OH,Rest of MI,0.000116,480.3213557489542,1.3919999999999912e-05
Rest of WI,Rest of CT,0.170265,633.1245548109606,0.020431799999999996
Rest of GA,North Dakota,0.137139,4067.607030377087,0.01645668
Rest of WI,Grand Rapids MI,0.104151,117.247541234094,0.01249812
Rest of AL,Rest of WA,0.053274,11084.3809869463,0.00639288
Rest of KY,Seattle WA,0.085908,2105.6254686713305,0.010308959999999999
Rest of OR,Austin TX,0.000124,1635.39202030076,1.4879999999999996e-05
Rest of SC,Savannah GA,0.849373,632.1043764960423,0.10192476
Tucson AZ,Cleveland OH,0.000145,1733.542223648982,1.739999999999995e-05
Maine,West Virginia,0.201096,791.3624121922915,0.024131520000000004
Charleston SC,Miami FL,0.000644,483.3390798891824,7.727999999999996e-05
Greenville SC,Seattle WA,0.010785,2228.358275550454,0.0012942
Arkansas,Rest of NY,0.036139,1077.4275351097058,0.00433668
Detroit MI,Raleigh-Durham NC,0.01965,500.27968974119466,0.002358
Birmingham AL,Detroit MI,4.414103,637.2385457579535,0.52969236
Nashville TN,Savannah GA,0.032853,625.4894517776788,0.003942360000000001
Los Angeles CA,Rest of IL,4.387586,1746.8195277382142,0.52651032
Columbus OH,Rest of AL,2.208489,564.2948813865675,0.26501868
Dayton OH,Rest of IN,101.495683,8624.35935382422,12.179481960000002
Rest of KY,Denver CO,14.194266,1212.9708840463147,1.7033119200000002
Savannah GA,Rest of AL,0.10417,843.5187514705538,0.012500399999999998
Vermont,Rest of TX,0.028423,1646.4562700737276,0.00341076
West Virginia,Rest of MA,0.000105,400.04961184114114,1.2599999999999803e-05
Tucson AZ,Rest of AZ,0.003675,44.316059721640144,0.00044099999999999993
Birmingham AL,Savannah GA,2.011551,778.6542524401669,0.24138612
Rest of IL,Rest of KY,7.237771,380.7004193835336,0.8685325199999999
Rest of SC,Atlanta GA,0.000219,118.19846715455614,2.62799999999997e-05
Rest of TN,Rest of CT,0.002147,4712.782346208526,0.00025764
Birmingham AL,Rest of MI,0.349991,862.718136870338,0.04199891999999999
Rest of AZ,San Francisco CA,70.26475,796.7209415759635,8.43177
Mississippi,Atlanta GA,21.543132,313.6589286016803,2.58517584
Los Angeles CA,Columbus OH,0.259732,1977.6886261400368,0.031167839999999995
Raleigh-Durham NC,Rest of TN,0.116087,4516.198822071486,0.013930439999999999
Houston TX,Rest of MO,6.281411,631.6281387454047,0.7537693200000001
Rest of NE,Rest of UT,0.053303,10702.558177305218,0.006396359999999999
Orlando FL,Rest of NY,0.051421,943.3371939584828,0.0061705200000000005
Houston TX,Rest of TX,7.7e-05,427.8731791669677,9.23999999999981e-06
Seattle WA,Rest of NY,0.049277,2408.049169468083,0.00591324
Miami FL,Richmond VA,0.000834,9316.860264088476,0.00010007999999999996
Oklahoma City OK,Columbus OH,0.007614,852.14644743624,0.00091368
Rest of MD,Rest of NY,0.045065,181.4102578474021,0.0054078
Baltimore MD,Atlanta GA,1.425768,577.0575770360402,0.17109216
Rest of AL,Detroit MI,1.699363,724.1465461948251,0.20392355999999998
Rest of MN,San Francisco CA,0.067354,1372.7245639896662,0.00808248
Tucson AZ,Rest of OR,9.387963,968.4968450937364,1.12655556
Rest of MI,Mississippi,2.258435,1024.2704037357878,0.2710122
Rest of IL,San Francisco CA,0.080528,1861.90429724857,0.00966336
Fresno CA,Los Angeles CA,0.50266,204.4711895335981,0.06031920000000001
Charleston SC,Knoxville TN,0.003812,315.4885078589713,0.00045743999999999993
Rest of VA,Rest of NY,0.715637,213.07199973320053,0.08587644
Savannah GA,North Dakota,0.058387,1048.9528989985008,0.00700644
Los Angeles CA,Atlanta GA,21.540717,1936.6550345958728,2.5848860399999998
Mississippi,San Diego CA,0.069766,1591.429646524865,0.008371919999999998
Rest of WI,Houston TX,0.004285,1004.4862556212838,0.0005142
Rest of PA,Columbus OH,0.013323,564.2948813865675,0.00159876
Los Angeles CA,Fresno CA,8.819698,204.4711895335981,1.0583637600000002
Mississippi,Rest of CA,0.581502,987.2805772298816,0.06978023999999998
Miami FL,Rest of FL,0.168699,339.8430686614042,0.020243879999999995
Rest of MI,Baltimore MD,0.000262,174.331788278789,3.143999999999985e-05
Indianapolis IN,Rest of IN,0.00147,8660.385964169345,0.00017639999999999998
Charleston SC,Raleigh-Durham NC,0.167394,223.07294079895848,0.020087279999999996
Rest of OH,Columbus OH,0.001075,110.16293035165738,0.00012899999999999996
Rest of KS,Los Angeles CA,0.005422,1210.919465353786,0.00065064
Rest of KS,Sacramento CA,1.109582,1314.9558543630385,0.13314984
Rest of OH,Savannah GA,0.041315,185.6000815874848,0.004957799999999999
Orlando FL,Savannah GA,0.45698,1029.3079697893745,0.05483760000000001
Iowa,Rest of NY,0.020622,1007.3128318586477,0.00247464
Rochester NY,Savannah GA,0.003286,106.7478251814256,0.0003943199999999996
Milwaukee WI,Austin TX,0.033054,1034.438762958701,0.0039664800000000005
New Mexico,Arkansas,0.150842,770.112321689914,0.01810104
Rest of NY,Corpus Christi TX,0.01805,1605.7659513276103,0.0021660000000000004
Houston TX,Rest of OH,0.11373,1102.2428435845657,0.0136476
Rest of CO,Rest of NY,0.003685,1638.1005279041894,0.00044219999999999996
Orlando FL,Savannah GA,0.126821,1029.3079697893745,0.015218519999999998
Los Angeles CA,Maine,0.103823,2698.4232288639078,0.012458759999999998
Tulsa OK,Miami FL,0.050945,1176.75626994886,0.006113399999999998
Cleveland OH,Rest of OH,0.373056,30.272272794613237,0.044766719999999996
Rest of FL,Indianapolis IN,2.356643,688.7108034681751,0.28279716000000005
Hartford CT,Oklahoma City OK,0.033157,1405.99904795814,0.00397884
Wichita KS,San Francisco CA,0.184314,1369.6327755502373,0.022117679999999997
Idaho,Los Angeles CA,0.008742,699.5272244361786,0.00104904
Los Angeles CA,Wyoming,0.069929,852.4723635852084,0.008391480000000002
Rest of VA,Baltimore MD,0.112245,220.67030110861444,0.0134694
Columbus OH,Seattle WA,4.4e-05,2013.142487491942,5.279999999999973e-06
North Dakota,South Dakota,0.144903,205.5432456930126,0.017388360000000002
Rest of OH,Denver CO,2.813377,1239.3256824040875,0.3376052400000001
Salt Lake City UT,Rest of AZ,0.001191,613.9186833105277,0.00014291999999999997
Rest of OH,Columbus OH,0.000418,110.16293035165738,5.0159999999999696e-05
Seattle WA,Detroit MI,0.081878,1938.2326692063652,0.009825360000000002
Rest of NH,Vermont,0.532167,3223.3853545091765,0.06386003999999999
Rest of MO,Rest of CA,0.984755,738.4771457438897,0.1181706
Rest of DE,Baltimore MD,0.023083,4016.667416021304,0.00276996
Houston TX,Austin TX,3.620041,146.72990195638008,0.43440492
Rest of NY,Maine,0.045395,426.21267908326246,0.005447400000000001
Los Angeles CA,Rest of AL,0.515575,1918.65896170334,0.06186899999999998
Rest of NC,Columbus OH,2.415766,284.3618311637041,0.28989191999999997
Houston TX,Rest of OH,0.014609,1102.2428435845657,0.00175308
Tucson AZ,Rest of TN,6.7e-05,5951.819818137855,8.03999999999999e-06
Rest of IN,Rest of IL,0.002076,8554.043019722845,0.00024912
Rest of WA,Corpus Christi TX,0.002851,10438.967346157448,0.00034212
San Francisco CA,Rest of TX,0.808312,1252.6624438344927,0.09699743999999999
Charleston SC,Indianapolis IN,0.002309,593.0460211767348,0.00027707999999999986
Houston TX,San Antonio TX,0.032611,189.66169182304887,0.00391332
Miami FL,Atlanta GA,0.029753,604.2520661934349,0.0035703600000000003
Grand Rapids MI,North Dakota,0.325378,791.4054189194181,0.03904536
Tampa FL,Detroit MI,0.11397,991.7988301019782,0.0136764
Rest of UT,Rest of NC,0.059173,2717.59748580512,0.00710076
Baltimore MD,Rest of CT,15.089745,438.7436372206971,1.8107694
Rest of TX,Rest of IN,57.995212,9186.144122932854,6.9594254399999995
San Francisco CA,Rest of OR,0.075204,321.8412225122945,0.00902448
Miami FL,Mississippi,0.002288,758.9514378365546,0.0002745599999999999
Seattle WA,San Francisco CA,0.258228,678.1684977716295,0.03098736
Los Angeles CA,Rest of CO,0.082878,817.0217416077743,0.009945359999999999
Nashville TN,Rest of TX,3.16435,783.9372265094257,0.37972200000000006
North Dakota,Detroit MI,0.002363,929.3226470747744,0.00028356
New Mexico,Greenville SC,0.007579,1340.1707147785771,0.00090948
Rest of WI,New Mexico,1.665161,1131.1489234110834,0.19981931999999997
Rest of IL,Tulsa OK,6.988828,594.4991222635272,0.8386593599999999
Houston TX,Corpus Christi TX,1.221278,184.7714703749922,0.14655336
Rochester NY,Rest of UT,0.016823,3018.487966543262,0.00201876
Orlando FL,Miami FL,0.017417,205.20581212847236,0.002090039999999999
Indianapolis IN,Rest of NC,2.010078,362.3979422915035,0.24120935999999998
Orlando FL,Rest of FL,0.063807,136.2231706088117,0.007656839999999999
Rest of DE,Salt Lake City UT,0.97763,5204.533253231288,0.1173156
Indianapolis IN,Greenville SC,0.156572,397.2335877464822,0.01878864
Houston TX,Rest of CO,0.000822,823.9768891388853,9.863999999999994e-05
Houston TX,Rest of TX,0.003781,427.8731791669677,0.0004537199999999998
Rest of TN,Knoxville TN,0.002994,4728.527061334567,0.00035928
Rest of GA,Nashville TN,2.80893,4098.23969258466,0.33707159999999997
Rest of AZ,North Dakota,0.004481,1196.9757714966197,0.0005377199999999998
Rest of IN,Charleston SC,0.007552,8958.9455881555,0.0009062399999999999
Rest of KY,Greenville SC,2.987384,200.5465076799449,0.35848608
Birmingham AL,Rest of GA,2.815177,4222.583222532063,0.33782123999999997
Salt Lake City UT,Rest of OR,0.022595,593.059923304269,0.0027113999999999997
Houston TX,Rest of PA,0.861828,625.8173050214488,0.10341936000000002
San Antonio TX,Raleigh-Durham NC,0.000322,1229.1868290540529,3.864e-05
Atlanta GA,Savannah GA,0.00069,712.9475231519264,8.279999999999986e-05
North Dakota,Rest of MN,58.722619,662.2201999305893,7.046714280000001
Los Angeles CA,Seattle WA,6.754162,958.877145712779,0.81049944
Salt Lake City UT,San Diego CA,0.422797,627.0052194903831,0.05073564
Rest of MI,Fort Wayne IN,13.875295,585.0604808581668,1.6650354
Rest of KY,Austin TX,0.14119,1006.0700084819314,0.0169428
Charleston SC,Fort Wayne IN,0.000621,639.7861390202023,7.451999999999988e-05
Tulsa OK,Rest of KY,0.004079,745.7104156149429,0.00048948
Rest of CA,Sacramento CA,0.00034,2153.650710624539,4.079999999999996e-05
Rest of VA,Rest of MI,1.669411,213.07199973320053,0.20032932
Wichita KS,Rest of SC,8.1e-05,854.7735214858559,9.719999999999978e-06
West Virginia,Nashville TN,0.11885,363.5632138029888,0.014262
Rest of IL,Mississippi,0.001662,616.8604038242245,0.00019943999999999995
Charleston SC,Rochester NY,0.069416,726.2303949458247,0.008329920000000001
Rest of MN,Detroit MI,9.825292,793.8773999939593,1.1790350399999996
Vermont,Birmingham AL,0.006127,1077.1671407792317,0.00073524
Rest of NH,Orlando FL,0.007176,4323.642687430708,0.0008611200000000002
Greenville SC,New Mexico,0.255761,1340.1707147785771,0.030691320000000005
Seattle WA,Los Angeles CA,0.012094,958.877145712779,0.00145128
Rest of CT,Hartford CT,0.000716,706.5112430838814,8.591999999999988e-05
Detroit MI,Dayton OH,0.00021,187.32705738178504,2.519999999999956e-05
Rest of KS,Rest of PA,2.873205,809.722393057371,0.3447846
Rest of AL,Austin TX,0.168804,755.1894846289588,0.02025648
Los Angeles CA,Phoenix AZ,14.056207,357.5260967036149,1.68674484
Arkansas,Houston TX,0.011725,412.1357361921312,0.0014069999999999996
Los Angeles CA,Rest of CO,0.213662,817.0217416077743,0.02563944
Milwaukee WI,Rest of IL,7.6e-05,90.4164727352402,9.119999999998996e-06
Sacramento CA,Columbus OH,0.000103,2050.1483203816806,1.2359999999999966e-05
Tucson AZ,Rest of PA,0.193964,1511.3372542236698,0.023275679999999997
Rest of FL,Vermont,0.107452,1137.1840440464769,0.012894240000000001
Rest of TX,San Antonio TX,17.76484,349.7388636807603,2.1317808
Miami FL,Rest of GA,0.02373,4330.763959865669,0.0028476
San Diego CA,Richmond VA,0.853156,7459.223312466671,0.10237871999999999
Savannah GA,Orlando FL,0.906901,1029.3079697893745,0.10882811999999999
Rest of IN,Rest of TX,7.867577,9186.144122932854,0.9441092400000001
Rest of NC,North Dakota,0.011251,1261.3589035845746,0.0013501200000000002
Iowa,Denver CO,11.68871,630.7628931832895,1.4026452
Montana,Tulsa OK,0.018156,1044.1225516504155,0.00217872
Rest of OH,Houston TX,20.652542,1102.2428435845657,2.47830504
Houston TX,Austin TX,0.008442,146.72990195638008,0.0010130399999999996
Seattle WA,New Mexico,0.142957,1233.8612079555014,0.017154840000000005
Rest of MA,Houston TX,0.074589,1423.256144306615,0.008950679999999999
Los Angeles CA,Rest of SC,0.213274,2031.5797248239528,0.025592879999999995
Richmond VA,Rest of NC,0.000447,9444.332958054069,5.3639999999999995e-05
Atlanta GA,Phoenix AZ,1.610582,1591.9339872904393,0.19326983999999997
Savannah GA,Raleigh-Durham NC,0.010045,521.9470669205772,0.0012054000000000001
San Diego CA,Houston TX,0.983097,1304.1628312413038,0.11797164
Rest of TX,Mobile AL,0.001049,8390.426872328937,0.00012587999999999998
Columbus OH,Miami FL,0.004605,991.119936235354,0.0005526
San Diego CA,Rest of MO,0.29214,1522.0075479297134,0.03505679999999999
Rest of CO,Seattle WA,0.110899,1069.3612331119714,0.01330788
Houston TX,Seattle WA,0.005742,1890.5693196303328,0.0006890400000000001
Fresno CA,Los Angeles CA,502.720248,204.4711895335981,60.32642976000002
Rochester NY,Detroit MI,0.178318,282.0950910743099,0.02139816
Charleston SC,Atlanta GA,0.016028,265.9836115921425,0.0019233600000000005
Rest of KS,Denver CO,8.580592,433.2223912635756,1.02967104
San Diego CA,Los Angeles CA,0.108658,111.09265847222484,0.01303896
Beaumont TX,Houston TX,0.126296,79.35966232709066,0.015155519999999997
Rest of NY,Greenville SC,0.014157,616.4069994795816,0.0016988399999999999
Detroit MI,Rest of IL,21.536857,236.835597498944,2.5844228399999998
San Francisco CA,Mississippi,0.015882,1865.233022123486,0.00190584
Rest of NC,Arkansas,1.876652,617.174763297252,0.22519824000000002
Montana,Miami FL,0.174974,2189.526425655861,0.020996880000000002
Detroit MI,Nashville TN,0.156845,470.0874332882186,0.018821400000000002
Rest of WA,Los Angeles CA,0.225832,9183.701550315938,0.027099840000000004
Mobile AL,Birmingham AL,0.154155,9119.73903241901,0.018498599999999997
Dayton OH,Los Angeles CA,0.030609,1914.17935143361,0.00367308
Baltimore MD,Rest of NY,0.205744,174.331788278789,0.02468928
Maine,Wichita KS,0.046826,1563.249843435348,0.005619119999999999
North Dakota,Rest of OR,0.033538,1158.432945055052,0.004024559999999999
Rest of CO,Vermont,0.155896,1705.1139040983105,0.018707519999999995
Rest of WA,Nashville TN,0.00038,10862.973109774755,4.56e-05
Rest of NH,Rest of NY,0.085816,3441.2560830181574,0.010297919999999999
Rest of CO,San Francisco CA,0.001861,959.1913130819868,0.00022332000000000002
Rest of IL,Beaumont TX,5.165663,882.8400409887097,0.6198795600000001
Rest of KS,Detroit MI,0.018113,793.8773999939593,0.00217356
Denver CO,Rest of UT,4.717818,3862.253365290029,0.5661381600000001
Rest of NC,Rest of TX,2.666862,1076.5866195691972,0.32002344
Austin TX,Rest of LA,0.057928,900.6949953583152,0.006951359999999999
Tampa FL,Maine,0.195732,1433.0456430964446,0.02348784
North Dakota,Fresno CA,0.010166,1235.128275611722,0.0012199199999999996
New Mexico,Rest of WA,0.002296,9878.700804368304,0.00027551999999999996
Atlanta GA,Grand Rapids MI,0.1486,639.3020326002861,0.017832
Mississippi,Rest of MN,0.040303,558.8324897111747,0.00483636
Iowa,Richmond VA,5.8e-05,8905.333228613843,6.959999999999995e-06
Rochester NY,Baltimore MD,0.012047,271.892069926756,0.0014456400000000002
Savannah GA,Columbus OH,0.020536,292.8916858810261,0.0024643200000000003
Miami FL,Richmond VA,0.009258,9316.860264088476,0.0011109599999999996
Rest of IN,Rest of WI,1.377217,8473.321355460877,0.16526603999999998
Oklahoma City OK,Rest of NY,2.157611,1330.1480582722,0.25891332
Mobile AL,Corpus Christi TX,0.121054,8387.362669101229,0.014526479999999998
Mississippi,Rest of KS,0.027479,558.8324897111747,0.0032974799999999998
Maine,Hartford CT,0.016497,333.0037215710016,0.00197964
Rest of NH,Rest of NY,0.011605,3441.2560830181574,0.0013926000000000001
Rest of WA,Denver CO,0.498936,9853.383380096417,0.05987232
Atlanta GA,Rest of TN,0.412473,4851.511364567991,0.04949676
Idaho,Tucson AZ,0.000505,804.922264947086,6.059999999999999e-05
Savannah GA,Rest of TN,0.045377,4225.173451629304,0.00544524
Idaho,Rest of FL,0.879667,1951.756146997064,0.10556004000000004
Rest of TX,New Mexico,0.063276,318.5509612426175,0.007593120000000001
Rest of IN,Rest of TX,0.282759,9186.144122932854,0.033931079999999995
Tucson AZ,Rest of MN,0.257861,885.5297207622293,0.03094332
Richmond VA,Rest of VA,0.000144,9716.910351727494,1.728e-05
Tucson AZ,Phoenix AZ,3.5e-05,105.9348761349123,4.199999999999701e-06
Houston TX,Seattle WA,0.029887,1890.5693196303328,0.003586440000000001
Rest of TX,San Antonio TX,0.866518,349.7388636807603,0.10398216
Rest of AL,Iowa,11.207482,821.0408009836162,1.34489784
Rest of AL,Salt Lake City UT,6.911015,1601.7089922527157,0.8293217999999999
Laredo TX,San Diego CA,2.102015,1115.2346274258755,0.25224180000000007
Phoenix AZ,Sacramento CA,4.273043,634.7755647495418,0.5127651599999999
Rest of MN,North Dakota,24.30432,662.2201999305893,2.9165184
Rest of PA,Cleveland OH,165.237939,684.6641303682813,19.82855268
San Francisco CA,Rest of NC,0.016556,2250.2171668706324,0.0019867200000000004
Fort Wayne IN,Cleveland OH,5.2e-05,181.6174581107348,6.239999999999532e-06
Rest of IN,Rest of LA,10.825726,8895.557708199882,1.29908712
Sacramento CA,Salt Lake City UT,0.032911,533.4779159059949,0.00394932
Hartford CT,Tampa FL,0.121855,1100.060882346363,0.014622600000000001
Los Angeles CA,Rest of AL,0.460718,1918.65896170334,0.05528615999999999
Rest of LA,North Dakota,0.018101,1228.1148655898608,0.00217212
Austin TX,Houston TX,0.030366,146.72990195638008,0.0036439199999999997
Rest of MD,Grand Rapids MI,0.10595,527.717933262652,0.012714
Oklahoma City OK,Houston TX,0.039696,413.1837406919562,0.004763519999999999
Miami FL,Rest of IL,0.029818,1179.297042298973,0.00357816
Detroit MI,Wyoming,0.075258,1244.3461259070934,0.009030960000000001
Rest of OH,Rest of MI,68.583502,395.6588391742984,8.230020239999998
Rest of SC,Nashville TN,0.33292,264.0965404515538,0.03995039999999999
Rest of VA,Baltimore MD,0.013824,220.67030110861444,0.0016588799999999997
Rest of NC,Savannah GA,0.584962,519.9611218519426,0.07019543999999998
Austin TX,Los Angeles CA,0.402464,1227.168514634154,0.048295679999999994
Rest of MI,Cleveland OH,0.000766,406.4107372902684,9.191999999999982e-05
Charleston SC,Rest of FL,0.002657,239.6591934894211,0.00031883999999999987
Mississippi,Columbus OH,0.080556,610.3200354083538,0.00966672
Baton Rouge LA,Arkansas,17.806155,753.8066891159831,2.1367386
Rest of LA,Birmingham AL,20.406901,223.2632766114828,2.44882812
North Dakota,Richmond VA,0.004579,8639.339088918176,0.00054948
Rest of MO,Fresno CA,0.07492,1583.674724204761,0.0089904
Rest of CO,Los Angeles CA,0.430888,817.0217416077743,0.051706560000000006
Salt Lake City UT,Rest of MD,4.2e-05,1852.2238953584035,5.039999999999971e-06
Fort Wayne IN,Tulsa OK,35.226954,677.7393073079554,4.22723448
North Dakota,Rest of KS,0.701736,662.2201999305893,0.08420832
Rest of WA,Grand Rapids MI,0.002671,10612.637301135244,0.00032052000000000003
Mississippi,Los Angeles CA,0.121114,1642.1676788303282,0.01453368
Los Angeles CA,Rest of GA,0.091452,5375.795934739215,0.010974240000000001
Cleveland OH,San Diego CA,0.056407,2034.654458326999,0.00676884
Detroit MI,New Mexico,0.000736,1349.155104868983,8.831999999999994e-05
Rochester NY,North Dakota,0.019703,1152.5892122338582,0.00236436
San Diego CA,Los Angeles CA,0.005758,111.09265847222484,0.0006909599999999993
Cleveland OH,Rest of CO,2.965745,1233.0641059876514,0.3558894
San Diego CA,Los Angeles CA,0.001149,111.09265847222484,0.00013787999999999946
Atlanta GA,Mobile AL,0.001232,9254.651063257286,0.00014784
Seattle WA,Rest of GA,0.003601,4736.026317022335,0.0004321200000000001
Rest of NY,Rest of IN,0.186533,8315.929618063228,0.022383959999999994
Rest of UT,Grand Rapids MI,0.272169,3231.5839974772957,0.03266028
Dayton OH,Miami FL,0.094929,991.118263753546,0.011391479999999999
Milwaukee WI,Rest of SC,0.888007,654.570932946714,0.10656083999999998
Corpus Christi TX,Houston TX,0.008164,184.7714703749922,0.0009796799999999997
Greenville SC,Rest of MA,0.100356,616.4069994795816,0.012042719999999998
Savannah GA,Miami FL,0.069636,1216.200129359304,0.008356319999999999
Phoenix AZ,Sacramento CA,9.387347,634.7755647495418,1.12648164
San Francisco CA,Rest of FL,1.762247,2323.739400311956,0.21146964
Los Angeles CA,Atlanta GA,0.485328,1936.6550345958728,0.05823935999999999
Dayton OH,Columbus OH,0.00086,64.8535222601554,0.00010319999999999942
Maine,Detroit MI,0.36253,743.1107315599731,0.0435036
Columbus OH,Sacramento CA,0.022879,2050.1483203816806,0.00274548
Rest of GA,Savannah GA,13.833514,3486.7605394923075,1.6600216799999998
Mississippi,Rest of NY,1.101679,1024.2704037357878,0.13220147999999998
Sacramento CA,Los Angeles CA,0.262222,360.9833577453937,0.03146664
Greenville SC,Laredo TX,0.075187,1130.438617711235,0.009022440000000003
Beaumont TX,Houston TX,0.212262,79.35966232709066,0.02547144
Miami FL,Los Angeles CA,28.241349,2338.956631759453,3.38896188
North Dakota,Oklahoma City OK,0.013173,852.6549145133548,0.0015807599999999998
Rochester NY,Atlanta GA,0.007258,745.1327738533336,0.0008709599999999999
Indianapolis IN,Hartford CT,1.839039,719.0548599895575,0.22068468000000002
Detroit MI,Dayton OH,0.000671,187.32705738178504,8.051999999999983e-05
Arkansas,Nashville TN,43.571236,325.83141299433225,5.22854832
Rest of PA,Rest of NY,0.002267,869.7838427947365,0.00027204
Rest of SC,Los Angeles CA,0.00567,2031.5797248239528,0.0006803999999999998
San Francisco CA,Rest of MI,0.022078,2573.307425007661,0.0026493600000000003
Rest of CT,Savannah GA,0.002187,601.162660417753,0.00026244
Rest of MN,Birmingham AL,6e-05,669.4611256348918,7.199999999999968e-06
North Dakota,Milwaukee WI,0.162032,690.7300342827331,0.01944384
Tulsa OK,Greenville SC,0.151977,770.9789638726138,0.018237240000000002
San Antonio TX,Phoenix AZ,0.003891,847.8721293661163,0.00046691999999999995
San Antonio TX,Detroit MI,0.09035,1238.3567983280902,0.010842
Rest of TX,Rest of WI,4.7e-05,907.0106498584586,5.639999999999993e-06
Rest of TX,Iowa,0.000366,657.3634695651091,4.391999999999986e-05
Savannah GA,Laredo TX,0.755269,1557.453928253664,0.09063228
Rest of MN,Arkansas,0.167259,340.166708863011,0.020071079999999998
Rest of OH,North Dakota,0.132473,1041.5486390641397,0.01589676
Savannah GA,Rest of PA,0.20751,843.5187514705538,0.0249012
Beaumont TX,Knoxville TN,0.000766,715.6725792958308,9.191999999999992e-05
Tampa FL,Houston TX,0.516686,792.5108848894665,0.06200231999999999
Houston TX,Montana,0.813909,1434.867256688446,0.09766907999999998
Fort Wayne IN,Miami FL,0.167524,1092.3632805773873,0.02010288
Rest of AL,Atlanta GA,71.759347,130.57563163605104,8.61112164
Rest of KS,Salt Lake City UT,12.121931,801.9847066491301,1.4546317199999999
Beaumont TX,Houston TX,2.948405,79.35966232709066,0.3538086
Rest of MA,Detroit MI,0.228358,482.80950346630425,0.02740296
Rest of NY,Rest of PA,29.258451,869.7838427947365,3.51101412
Beaumont TX,Houston TX,4.610875,79.35966232709066,0.553305
Columbus OH,Charleston SC,1.015613,523.1605881878091,0.12187356
Charleston SC,Atlanta GA,0.415393,265.9836115921425,0.049847160000000015
Mobile AL,Rest of WA,0.044111,2398.633493960761,0.00529332
Rest of NY,Beaumont TX,0.003307,1349.662104967813,0.00039684
Nashville TN,Rest of TX,0.75648,783.9372265094257,0.09077760000000001
Houston TX,Rest of TX,5.79386,427.8731791669677,0.6952631999999999
Atlanta GA,Rest of NC,0.116931,225.2674404212191,0.01403172
Knoxville TN,Rest of IL,17.739919,445.5175536203092,2.1287902800000005
Savannah GA,Miami FL,0.115953,1216.200129359304,0.013914359999999999
Detroit MI,Rest of MI,4.560133,482.80950346630425,0.54721596
North Dakota,Detroit MI,0.121121,929.3226470747744,0.014534519999999997
Orlando FL,Seattle WA,0.431808,2547.527365231858,0.05181696
Montana,Rest of MD,0.003836,1731.9226566953778,0.00046031999999999996
Arkansas,Charleston SC,0.041998,736.5560013116475,0.00503976
Dayton OH,Orlando FL,0.330932,788.8451187895286,0.03971184
Rest of OR,Rest of CA,7.302611,2129.6994288412443,0.8763133199999998
Rest of KY,Charleston SC,0.002319,374.98971108583584,0.0002782799999999998
North Dakota,Salt Lake City UT,0.168588,734.9265784141853,0.020230559999999998
West Virginia,North Dakota,0.01457,1175.135536734002,0.0017483999999999998
Orlando FL,Miami FL,0.017546,205.20581212847236,0.0021055199999999996
Tampa FL,Los Angeles CA,0.019986,2153.814646949471,0.0023983200000000002
Rest of TN,Rest of MO,11.063123,4906.333043963333,1.3275747599999999
Indianapolis IN,Rest of IL,0.000506,155.9248173971961,6.0719999999999696e-05
San Francisco CA,Grand Rapids MI,0.855702,1956.0830701818768,0.10268423999999998
Rest of SC,Raleigh-Durham NC,4.1e-05,232.5372681811614,4.919999999999939e-06
Miami FL,Orlando FL,1.208972,205.20581212847236,0.14507663999999995
Miami FL,Rochester NY,0.011934,1207.07834626982,0.00143208
Denver CO,Arkansas,19.378794,758.6544557676555,2.32545528
Rest of NE,Cleveland OH,0.841761,8136.326812858183,0.10101131999999999
Rest of AL,West Virginia,0.000981,510.5284876887418,0.00011771999999999984
New Mexico,Beaumont TX,2.526471,761.2251567946602,0.30317652
Detroit MI,Grand Rapids MI,39.126094,140.49654010964787,4.69513128
Maine,Rest of NH,0.002814,3033.3123104141937,0.00033768
Rest of WI,Phoenix AZ,11.179194,1461.4103594091405,1.34150328
Mississippi,Laredo TX,4.654945,694.6421148635968,0.5585933999999999
Rest of MN,Rest of CT,0.679008,850.5029934489563,0.08148096
Rest of NC,Rest of WI,2.841463,596.006038502467,0.34097555999999996
Rest of UT,Tucson AZ,0.170599,3951.7999114492095,0.020471880000000005
Rest of AZ,Rest of GA,5.1e-05,5217.301549604347,6.119999999999999e-06
Fresno CA,New Mexico,0.173276,789.1159112551094,0.020793120000000002
New Mexico,Rest of NC,0.002316,1383.005211590796,0.0002779199999999999
Atlanta GA,Nashville TN,0.02695,214.41822755211425,0.003234
Houston TX,San Antonio TX,1.262052,189.66169182304887,0.15144624
Rest of NC,Raleigh-Durham NC,7.7e-05,153.70720454779857,9.239999999999617e-06
Rest of AZ,Phoenix AZ,2.7e-05,146.4968198988265,3.2399999999993324e-06
Rest of TN,Mobile AL,17.246086,10151.984257630878,2.0695303199999997
Tulsa OK,Rest of AL,0.02585,685.3584079138033,0.003102
Rest of WA,Oklahoma City OK,0.098206,10333.461970035434,0.011784719999999999
Knoxville TN,South Dakota,3.751478,1051.4678553639678,0.45017735999999997
Indianapolis IN,Houston TX,0.109026,865.2317838724299,0.013083119999999998
Rest of DE,Baltimore MD,0.000743,4016.667416021304,8.916e-05
Hartford CT,Rest of NY,0.097908,94.52503998428936,0.01174896
Detroit MI,West Virginia,1.166041,290.33944053815475,0.13992492000000004
Rest of SC,Rest of TX,9.887955,1021.216683548238,1.1865546
Savannah GA,Salt Lake City UT,0.584666,1654.353477976562,0.07015992
Los Angeles CA,Denver CO,0.211499,830.2429180469964,0.025379879999999997
Charleston SC,Detroit MI,0.001297,679.7458250401269,0.00015563999999999994
San Antonio TX,Austin TX,2.2e-05,73.72638556244047,2.639999999999419e-06
Rest of AL,Nashville TN,0.000183,303.9452121902718,2.1959999999999776e-05
Mobile AL,Rest of WA,0.02561,2398.633493960761,0.0030732
Houston TX,Rest of LA,0.004765,792.7230827797407,0.0005717999999999999
Houston TX,Los Angeles CA,0.338838,1373.528870817464,0.04066056
Savannah GA,Rest of NC,7.117041,519.9611218519426,0.85404492
San Francisco CA,Rest of GA,0.000378,5296.634088793515,4.535999999999999e-05
Atlanta GA,Iowa,1.668998,744.6829647605641,0.20027975999999997
Baltimore MD,Rest of NC,46.892303,351.8301139659597,5.627076359999999
Rest of WI,Idaho,0.070708,1306.8490889159923,0.008484959999999998
Rest of UT,New Mexico,2.927785,3747.173603461739,0.35133420000000004
Knoxville TN,Atlanta GA,2.28944,154.7537343221374,0.2747328
Columbus OH,Rest of UT,0.026244,2983.1194123975,0.0031492799999999995
Wichita KS,Rest of CO,2.618228,412.767094519534,0.31418736
Grand Rapids MI,Rochester NY,0.219907,407.66919562248927,0.026388839999999997
Wichita KS,Beaumont TX,0.001655,556.4147948417689,0.00019859999999999984
Knoxville TN,Orlando FL,0.020507,531.3856432880226,0.0024608399999999997
Rest of CO,Rest of OH,3.50119,1242.4420291783836,0.4201427999999999
Fresno CA,Rest of OH,0.005693,2067.5099992934124,0.00068316
Rest of UT,Rest of SC,0.238545,2674.6276622966598,0.0286254
Mississippi,Los Angeles CA,0.557511,1642.1676788303282,0.06690131999999999
Rest of CT,Baltimore MD,0.004426,438.7436372206971,0.0005311199999999998
Rest of OR,Rest of TN,0.027724,5722.038562789075,0.0033268799999999995
Rest of NY,Indianapolis IN,0.065074,648.003276086987,0.007808880000000001
Rest of IN,Rest of VA,0.379829,8309.094439855628,0.04557948
Rest of NC,Rest of OR,0.000354,2252.8152862689094,4.247999999999997e-05
Wyoming,Rest of NY,0.070226,1727.0681085270764,0.008427119999999998
Rochester NY,Maine,0.055224,467.3424736796578,0.006626880000000001
Rest of CA,Columbus OH,1.953579,390.6001102661221,0.23442947999999994
Houston TX,Milwaukee WI,0.006966,1004.5732407931996,0.0008359200000000001
Cleveland OH,Rest of NC,0.001815,378.9120562198336,0.00021779999999999985
Mississippi,Rest of LA,65.728936,394.4908496962097,7.8874723200000005
Greenville SC,Atlanta GA,0.001631,136.94205356584712,0.00019572
Houston TX,Denver CO,1.029734,881.1071725281374,0.12356808
Tulsa OK,Charleston SC,0.048421,944.0859900595772,0.00581052
Rest of CA,Los Angeles CA,0.017525,2147.207519590654,0.0021029999999999994
Montana,Salt Lake City UT,0.01668,470.21511162964384,0.0020016
Grand Rapids MI,Rest of NH,0.001842,3810.9425768137858,0.00022104
San Francisco CA,Grand Rapids MI,0.002908,1956.0830701818768,0.00034895999999999994
Los Angeles CA,New Mexico,0.030312,700.9132899080018,0.0036374399999999996
San Antonio TX,Wichita KS,0.025522,573.6872443889043,0.0030626399999999997
Rest of FL,Rest of IL,6.8e-05,842.5393369135863,8.159999999999924e-06
Columbus OH,Indianapolis IN,9e-06,168.4007479651359,1.0799999999997222e-06
Columbus OH,Richmond VA,0.000634,9412.54746237025,7.607999999999999e-05
Orlando FL,Miami FL,0.017814,205.20581212847236,0.0021376799999999994
Mobile AL,Rest of AL,0.00088,9177.314096342869,0.00010559999999999999
Birmingham AL,Mobile AL,0.004023,9119.73903241901,0.00048275999999999994
Phoenix AZ,Tucson AZ,0.000261,105.9348761349123,3.13199999999995e-05
Salt Lake City UT,Rest of WA,0.001324,9485.076242386092,0.00015888000000000002
Rest of AZ,Knoxville TN,1.9e-05,1534.7128976755034,2.279999999999969e-06
Houston TX,Fresno CA,0.000308,1488.371486688847,3.6959999999999944e-05
Rest of TX,Houston TX,0.017071,427.8731791669677,0.00204852
Los Angeles CA,San Diego CA,0.349311,111.09265847222484,0.04191732
Atlanta GA,South Dakota,0.207073,1135.9685616269685,0.02484876
Savannah GA,Salt Lake City UT,0.089992,1654.353477976562,0.010799040000000001
Rest of OH,Cleveland OH,39.517491,30.272272794613237,4.742098919999999
Rest of UT,Tucson AZ,0.012147,3951.7999114492095,0.0014576400000000003
New Mexico,Wichita KS,0.244316,529.3772699411675,0.029317919999999997
Rest of WA,Los Angeles CA,0.007669,9183.701550315938,0.0009202799999999998
Houston TX,San Antonio TX,0.151945,189.66169182304887,0.0182334
Rest of AL,Cleveland OH,0.01955,684.6641303682813,0.002346
San Diego CA,Houston TX,0.010931,1304.1628312413038,0.0013117199999999997
Salt Lake City UT,Tampa FL,0.140141,1887.3398712760893,0.01681692
Sacramento CA,Rest of AZ,0.026677,780.1707418775178,0.0032012399999999997
Fort Wayne IN,Detroit MI,0.007106,138.43369194886415,0.0008527199999999996
Charleston SC,Orlando FL,0.007223,304.98584238364447,0.0008667599999999998
Mississippi,San Francisco CA,5.243678,1865.233022123486,0.62924136
Rest of OH,Salt Lake City UT,0.113814,1581.9587678413884,0.01365768
Charleston SC,Miami FL,0.045437,483.3390798891824,0.0054524399999999985
Tampa FL,Rest of FL,0.009126,155.28420980977833,0.0010951199999999998
Rest of FL,Miami FL,0.015434,339.8430686614042,0.00185208
Montana,Vermont,0.095752,1781.14882423442,0.011490239999999999
San Francisco CA,Maine,0.194727,2768.6635086110905,0.02336724
Tucson AZ,Rest of MD,0.000147,1969.7020532291965,1.7639999999999984e-05
Houston TX,Austin TX,0.000326,146.72990195638008,3.9119999999999395e-05
Rest of FL,Mobile AL,0.048749,9280.419267623292,0.005849880000000001
Rest of WI,West Virginia,0.925917,489.970999974589,0.11111004
Rest of NY,Hartford CT,0.71167,94.52503998428936,0.08540039999999999
Vermont,Nashville TN,0.013021,949.5534657678872,0.0015625199999999995
Miami FL,Rest of NE,0.637671,9212.083027759048,0.07652051999999998
Rest of NC,Atlanta GA,5.450363,225.2674404212191,0.6540435600000001
Rest of KY,San Francisco CA,0.082286,2160.2921772896943,0.009874319999999999
Savannah GA,Salt Lake City UT,0.059924,1654.353477976562,0.007190879999999999
Indianapolis IN,Rest of TN,27.433156,4642.842769385815,3.2919787199999995
Tulsa OK,Phoenix AZ,0.025135,932.0764016406184,0.0030162000000000006
Rest of NE,Salt Lake City UT,0.982668,7460.5299139610415,0.11792016
Charleston SC,Atlanta GA,3e-06,265.9836115921425,3.6000000000000005e-07
Mississippi,Savannah GA,0.342368,902.3269609647224,0.04108415999999999
Milwaukee WI,South Dakota,1.08827,630.7886417228905,0.13059240000000003
Hartford CT,Knoxville TN,0.000112,725.072251428414,1.3439999999999883e-05
San Francisco CA,Rest of MD,0.025656,2448.133179412885,0.00307872
Savannah GA,Houston TX,0.000242,1278.2657875505154,2.9039999999999946e-05
Miami FL,Rest of OH,0.017314,1057.7925980435282,0.00207768
Columbus OH,Rest of IL,45.871961,269.9557215765223,5.50463532
Rochester NY,Maine,0.010327,467.3424736796578,0.00123924
North Dakota,Austin TX,0.227323,1206.0079241657145,0.02727876
Detroit MI,Hartford CT,0.047553,533.828448897036,0.00570636
Rest of PA,Fort Wayne IN,0.126714,628.4945625109578,0.01520568
Rest of VA,North Dakota,37.965495,1181.558915600602,4.555859399999999
Laredo TX,Orlando FL,3.544863,1106.8916782975436,0.42538355999999994
Rest of MO,Tampa FL,27.526249,856.2863574003687,3.30314988
Houston TX,San Antonio TX,0.052368,189.66169182304887,0.00628416
Savannah GA,Miami FL,0.014987,1216.200129359304,0.00179844
Charleston SC,Columbus OH,0.998609,523.1605881878091,0.11983308000000001
Arkansas,North Dakota,0.308578,953.1061496343186,0.037029360000000004
Los Angeles CA,Rest of CO,0.028696,817.0217416077743,0.00344352
Miami FL,Atlanta GA,0.007857,604.2520661934349,0.00094284
Atlanta GA,Greenville SC,12.139468,136.94205356584712,1.45673616
Mobile AL,Los Angeles CA,0.02645,7458.266335871193,0.003174
Laredo TX,Rest of DE,0.163513,5510.307707712874,0.019621559999999996
San Antonio TX,Rest of TX,0.007428,349.7388636807603,0.0008913599999999997
Detroit MI,Laredo TX,0.005438,1379.762319488799,0.0006525599999999999
Rest of CA,Los Angeles CA,5.2e-05,2147.207519590654,6.2399999999999614e-06
Rest of MN,Maine,0.081308,1533.592832558285,0.00975696
San Francisco CA,Houston TX,0.098168,1645.2030393644795,0.011780160000000001
Iowa,Idaho,0.12135,1056.5654858625437,0.014562000000000002
Rest of NC,Atlanta GA,0.028936,225.2674404212191,0.00347232
Rest of UT,Greenville SC,0.001583,2686.4886749930024,0.00018996
Maine,Rest of WI,0.000501,961.7071011084712,6.0119999999999906e-05
Charleston SC,Rest of FL,0.244969,239.6591934894211,0.029396279999999997
Charleston SC,Miami FL,0.795166,483.3390798891824,0.09541991999999998
Rest of WA,Laredo TX,0.103549,10311.12904552472,0.01242588
Rest of IN,San Diego CA,0.208049,9144.80303333459,0.024965880000000003
Rest of CO,Detroit MI,0.092843,1166.2306783418514,0.011141159999999997
Rest of GA,Detroit MI,0.191981,3665.8948293240296,0.023037719999999998
Miami FL,Columbus OH,0.274582,991.119936235354,0.03294984
Knoxville TN,Charleston SC,0.951999,315.4885078589713,0.11423987999999999
Rest of IN,Laredo TX,8.044986,9644.702495187104,0.96539832
Columbus OH,Hartford CT,0.047409,553.8605643201173,0.00568908
Rest of MN,North Dakota,131.886836,662.2201999305893,15.826420319999999
Laredo TX,Atlanta GA,0.090964,996.4774795591584,0.010915679999999997
Los Angeles CA,Rest of CA,0.004498,2147.207519590654,0.00053976
San Francisco CA,Rest of OR,0.005417,321.8412225122945,0.0006500399999999998
Orlando FL,Miami FL,0.010979,205.20581212847236,0.0013174799999999993
Idaho,Knoxville TN,0.000123,1676.0992734114395,1.4759999999999972e-05
Miami FL,Laredo TX,0.782615,1199.618765250612,0.0939138
Montana,Rest of CA,5.756054,1408.948925676779,0.6907264799999999
Montana,Houston TX,0.465127,1434.867256688446,0.05581523999999999
Denver CO,Tulsa OK,0.001248,552.3295417682092,0.00014975999999999998
Miami FL,Rest of GA,0.004686,4330.763959865669,0.00056232
Detroit MI,Tucson AZ,0.204418,1679.3956790920197,0.024530159999999995
Iowa,Austin TX,0.117087,840.3563552321426,0.014050439999999997
San Diego CA,Savannah GA,0.002111,2150.74591248236,0.00025331999999999997
Charleston SC,Miami FL,0.08953,483.3390798891824,0.010743599999999999
Corpus Christi TX,Los Angeles CA,0.007425,1308.582760164232,0.0008909999999999999
Rest of MA,Rest of GA,0.876236,3365.1608787521554,0.10514831999999999
Rest of TX,Beaumont TX,1.864028,468.2143202622012,0.22368335999999997
Los Angeles CA,Rest of VA,2.773601,2269.93713588846,0.33283212
Fresno CA,Los Angeles CA,0.00789,204.4711895335981,0.0009468
Fort Wayne IN,Denver CO,6.4e-05,1050.1213670162658,7.679999999999979e-06
Phoenix AZ,Rest of AZ,0.013797,146.4968198988265,0.00165564
Rest of TX,Nashville TN,0.277204,783.9372265094257,0.033264480000000006
Cleveland OH,Rest of PA,0.008327,684.6641303682813,0.00099924
Knoxville TN,Indianapolis IN,3.4e-05,289.6924584659478,4.079999999999768e-06
Rest of KY,Tampa FL,0.332877,675.4119767710034,0.03994524000000001
Tampa FL,Savannah GA,0.20597,1076.8534794618486,0.024716399999999996
Rest of MI,Rest of CA,13.712038,440.01757740419015,1.64544456
Rest of LA,Seattle WA,0.006869,2165.8814548967525,0.00082428
Charleston SC,Richmond VA,0.003342,9481.941396384696,0.00040103999999999997
Dayton OH,Columbus OH,0.000159,64.8535222601554,1.9079999999998997e-05
Rest of WI,Rest of IL,0.001635,92.7579058705509,0.00019619999999999905
San Diego CA,San Francisco CA,0.455708,458.0286513160705,0.05468496
Rest of TX,Austin TX,0.183927,314.610701316837,0.022071240000000002
North Dakota,Rest of NY,0.006589,1393.8344631447642,0.00079068
Charleston SC,Columbus OH,0.030202,523.1605881878091,0.00362424
Salt Lake City UT,Rest of KS,0.142425,801.9847066491301,0.017090999999999995
Rest of CA,San Diego CA,0.225207,2146.4342413340005,0.027024839999999998
Grand Rapids MI,Rest of GA,4.948943,3740.547615586471,0.59387316
Cleveland OH,Rest of MO,0.281782,542.3119705182937,0.03381384
Orlando FL,Maine,0.334513,1367.6644769305897,0.04014156
Oklahoma City OK,Denver CO,3.030447,507.2524711624797,0.36365364000000006
San Francisco CA,Los Angeles CA,4.222311,347.54565848377683,0.50667732
Atlanta GA,Birmingham AL,0.00212,137.4518148954463,0.00025439999999999973
Rest of KS,San Diego CA,3.580832,1188.733409587077,0.42969983999999994
Seattle WA,Rest of OR,0.000385,360.6309386201892,4.619999999999988e-05
Atlanta GA,Rest of NC,0.008145,225.2674404212191,0.0009773999999999998
Rest of WI,Rest of MO,0.001271,372.9462211443177,0.00015251999999999993
San Antonio TX,Alaska,0.000276,3268.760528201829,3.3119999999999974e-05
Houston TX,Beaumont TX,2.123831,79.35966232709066,0.25485971999999996
Orlando FL,Phoenix AZ,0.111223,1843.718903113287,0.013346759999999997
Rest of WA,San Diego CA,0.013083,9245.784889827566,0.0015699599999999998
Rest of NY,Maine,0.46769,426.21267908326246,0.056122799999999994
Detroit MI,Rest of CA,0.017018,245.68081772592944,0.00204216
Rest of SC,Montana,0.035898,1658.8565817383442,0.00430776
Fort Wayne IN,Rest of WA,0.042983,10723.414963623434,0.00515796
Rest of IN,Rest of MN,3.040172,8888.379724680397,0.36482064000000003
Charleston SC,Fort Wayne IN,0.000448,639.7861390202023,5.3759999999999885e-05
Miami FL,Baltimore MD,0.05699,954.3767964790948,0.006838799999999998
Rest of MA,Columbus OH,0.076337,480.3213557489542,0.009160440000000002
Tampa FL,Miami FL,0.003694,204.7559649422746,0.00044327999999999956
Rest of GA,Charleston SC,0.051035,3976.860489855285,0.006124199999999998
Savannah GA,Rest of NC,8.404166,519.9611218519426,1.00849992
North Dakota,Corpus Christi TX,0.001486,1379.924070105537,0.00017832000000000001
Miami FL,Rest of CA,0.136133,1341.1947157529862,0.016335959999999997
Rochester NY,Rest of OH,0.052151,246.04662224374303,0.00625812
Indianapolis IN,Savannah GA,0.002995,418.2674003408743,0.00035939999999999995
Charleston SC,Rest of SC,6e-06,192.01609177342775,7.19999999999646e-07
Rest of DE,Laredo TX,0.004567,5510.307707712874,0.00054804
North Dakota,Miami FL,0.07048,1870.6639712025408,0.0084576
Savannah GA,Greenville SC,5.162095,608.0085419630025,0.6194514
Rest of PA,Detroit MI,0.073152,724.1465461948251,0.00877824
Raleigh-Durham NC,Columbus OH,5.336002,363.5616360732408,0.64032024
Columbus OH,Rest of WA,0.369914,10857.610864923114,0.04438968
Savannah GA,Charleston SC,1.690078,732.9006357366322,0.20280936
Charleston SC,Savannah GA,0.012312,732.9006357366322,0.00147744
Rest of MO,Wichita KS,15.90414,351.9400540582318,1.9084967999999998
Milwaukee WI,San Diego CA,0.319697,1739.1426407538256,0.03836364
New Mexico,Mobile AL,0.005922,8105.20833982926,0.0007106399999999999
Laredo TX,Birmingham AL,0.14115,865.988938746284,0.016937999999999998
Tampa FL,Los Angeles CA,0.007367,2153.814646949471,0.0008840400000000001
Atlanta GA,Rest of MN,0.696697,782.0718624321858,0.08360363999999999
Mississippi,Rest of LA,2.453719,394.4908496962097,0.29444628
South Dakota,Oklahoma City OK,1.059738,650.41182392619,0.12716856
Houston TX,Wichita KS,0.009196,558.3742229250569,0.00110352
Fort Wayne IN,Indianapolis IN,10.922186,105.27029752682236,1.31066232
Idaho,Orlando FL,0.000129,2080.7803117651874,1.5479999999999997e-05
New Mexico,Rest of WA,0.066887,9878.700804368304,0.00802644
Indianapolis IN,North Dakota,0.006605,899.1980630809117,0.0007926
Atlanta GA,Detroit MI,30.597724,596.4418459175821,3.6717268799999996
Sacramento CA,Los Angeles CA,0.246218,360.9833577453937,0.02954616
Mobile AL,Savannah GA,0.002983,9616.48393397298,0.00035795999999999994
Rest of LA,Idaho,7.760887,1724.7484357983192,0.93130644
Rest of PA,Rest of KY,1.967511,423.3140253030436,0.23610132000000003
Rest of TN,Maine,0.020428,3695.990682427719,0.00245136
Orlando FL,Rest of FL,2.1e-05,136.2231706088117,2.5199999999999598e-06
Nashville TN,Rest of NY,0.982175,763.5547236545248,0.117861
Savannah GA,Miami FL,0.421711,1216.200129359304,0.050605319999999995
San Diego CA,Miami FL,0.003315,2272.066729134758,0.0003978
Tampa FL,Miami FL,0.000175,204.7559649422746,2.0999999999999674e-05
Sacramento CA,San Francisco CA,0.002784,74.81065277379628,0.0003340799999999992
Baltimore MD,Rest of DE,13.922939,4016.667416021304,1.67075268
North Dakota,Rest of LA,0.059588,1228.1148655898608,0.007150559999999999
Rest of CO,Montana,1.701004,639.3159438111139,0.20412048
Rest of FL,Miami FL,0.016293,339.8430686614042,0.0019551599999999996
Birmingham AL,Rest of LA,18.476804,223.2632766114828,2.21721648
Tucson AZ,Rest of CA,6.90056,1873.5287198007557,0.8280671999999999
Cleveland OH,Fort Wayne IN,0.000279,181.6174581107348,3.348e-05
Miami FL,Detroit MI,0.004578,1152.7244676736077,0.0005493599999999998
Raleigh-Durham NC,Rest of CA,0.062765,649.1694787950512,0.007531800000000001
Indianapolis IN,Cleveland OH,0.000245,263.3028613921609,2.9399999999999888e-05
Baton Rouge LA,Tucson AZ,0.003332,1718.766983450219,0.00039984
Montana,North Dakota,0.872323,426.0454298186916,0.10467876
Rest of AL,Wichita KS,2.312186,796.487314054951,0.27746232
Rest of IL,Laredo TX,1.050617,1191.285520078778,0.12607403999999997
Fort Wayne IN,Cleveland OH,0.102163,181.6174581107348,0.012259560000000003
Los Angeles CA,Rest of MA,0.177549,2453.0477253600834,0.02130588
Rest of NC,Savannah GA,3.327119,519.9611218519426,0.39925427999999996
New Mexico,Austin TX,12.971372,566.0447284606842,1.55656464
Rest of UT,San Diego CA,20.427656,4306.825542742066,2.4513187199999997
Miami FL,Rest of SC,0.014483,618.7419659391663,0.0017379599999999998
Rochester NY,Rest of GA,0.805071,3414.1276576639493,0.09660851999999999
Rest of TX,Maine,0.009939,1838.2450836867356,0.0011926799999999998
Rest of CT,Maine,0.020607,1028.682284336685,0.0024728400000000005
Rest of MA,Tucson AZ,0.072854,2126.0550977262856,0.00874248
Houston TX,Los Angeles CA,0.001044,1373.528870817464,0.00012527999999999994
Rest of SC,Detroit MI,0.049814,539.3863186735987,0.005977679999999999
Vermont,Miami FL,0.002895,1367.2727049654911,0.0003474
Rest of AL,Miami FL,0.002413,521.344690693401,0.00028955999999999996
Indianapolis IN,San Francisco CA,1.606265,1949.459480965784,0.1927518
Miami FL,Raleigh-Durham NC,0.004965,701.1920826040698,0.0005957999999999998
Rest of NY,San Diego CA,0.314213,2435.70749287099,0.03770556
Los Angeles CA,Fresno CA,7e-05,204.4711895335981,8.399999999999882e-06
Rest of WI,Grand Rapids MI,0.990417,117.247541234094,0.11885003999999998
Columbus OH,Rest of MO,0.000375,443.8690447552586,4.499999999999992e-05
Sacramento CA,Detroit MI,0.003787,2025.45915679684,0.00045443999999999997
Rest of NY,Laredo TX,1.202347,1716.6150672768256,0.14428164
Orlando FL,Rest of GA,0.009194,4244.882238791894,0.00110328
Columbus OH,Savannah GA,0.006751,292.8916858810261,0.0008101199999999998
Mississippi,Cleveland OH,0.441602,735.7613321271222,0.052992239999999996
Rest of MA,Miami FL,0.832358,1094.7813934985616,0.09988295999999999
Mobile AL,Rest of AL,0.000637,9177.314096342869,7.643999999999998e-05
Idaho,Phoenix AZ,0.000319,711.0686145591668,3.827999999999999e-05
San Francisco CA,Rest of MA,0.114054,2573.307425007661,0.01368648
Miami FL,Charleston SC,0.182972,483.3390798891824,0.021956639999999993
Nashville TN,Detroit MI,0.023172,470.0874332882186,0.0027806400000000005
Denver CO,Detroit MI,0.003941,1158.1923629324235,0.00047291999999999994
Austin TX,Houston TX,8.007065,146.72990195638008,0.9608478000000001
Vermont,Rest of PA,0.103102,1107.194920834773,0.012372239999999998
Rest of UT,Rest of AL,1.127099,2649.2543770138177,0.13525188
Idaho,Denver CO,0.015388,535.756849440153,0.0018465600000000003
Miami FL,Savannah GA,0.68693,1216.200129359304,0.08243160000000001
Knoxville TN,Charleston SC,0.03975,315.4885078589713,0.00477
North Dakota,Knoxville TN,0.152652,1171.934987779439,0.018318240000000006
Rest of NC,Charleston SC,0.513567,239.6712098187053,0.061628039999999995
Rest of WA,Rest of CT,0.009574,11110.948056445044,0.0011488799999999997
Rest of GA,Milwaukee WI,0.049811,3823.584470215165,0.0059773199999999995
Greenville SC,San Diego CA,0.000106,1996.4900658359463,1.2719999999999982e-05
Laredo TX,Rest of AL,9.561789,915.2179232896908,1.1474146799999996
Houston TX,Laredo TX,0.079636,295.4127001238546,0.009556319999999998
Rest of TX,San Antonio TX,0.00029,349.7388636807603,3.4799999999999836e-05
Fresno CA,Sacramento CA,0.186784,157.95306406897245,0.02241408
Rest of PA,Rest of MA,3.606716,869.7838427947365,0.43280591999999996
San Diego CA,Nashville TN,0.000471,1744.7702167041955,5.651999999999998e-05
Rest of VA,Houston TX,1.659814,1324.9406140758176,0.19917767999999997
Savannah GA,Orlando FL,0.007267,1029.3079697893745,0.0008720399999999999
Rest of KS,Los Angeles CA,0.000665,1210.919465353786,7.979999999999997e-05
Fort Wayne IN,Rest of NC,3.035406,400.80151317033057,0.36424871999999997
Rest of SC,Mississippi,0.154724,427.1884015519467,0.01856688
Wichita KS,Hartford CT,0.208948,1337.755874303589,0.025073759999999997
Rest of OH,Milwaukee WI,5.002097,355.55173179034813,0.60025164
Rest of CA,Laredo TX,0.022047,1620.1019056662735,0.00264564
Rest of CA,Los Angeles CA,0.990063,2147.207519590654,0.11880755999999999
Rest of GA,Charleston SC,3.739431,3976.860489855285,0.44873171999999995
Indianapolis IN,Rest of AZ,0.025885,1452.0223672101672,0.0031062
Iowa,Greenville SC,0.228708,766.2773597787332,0.02744495999999999
Rest of FL,Orlando FL,0.000413,136.2231706088117,4.955999999999994e-05
Rest of SC,Charleston SC,0.051318,192.01609177342775,0.006158160000000002
Maine,Cleveland OH,0.001802,705.351805033922,0.00021623999999999987
Seattle WA,Rest of WA,0.03438,8889.24945162394,0.0041256
Mobile AL,Birmingham AL,0.022139,9119.73903241901,0.0026566799999999994
Fresno CA,Rest of WA,0.023732,9093.137235974564,0.00284784
Nashville TN,Knoxville TN,0.000435,160.33045577772464,5.219999999999984e-05
Miami FL,Rest of TN,0.00346,5046.048519115745,0.0004152
Laredo TX,Rest of NY,0.002118,1716.6150672768256,0.00025416
Rest of FL,Rest of WA,0.321419,11269.66895030013,0.03857028
Rest of MO,Tucson AZ,1.580556,1203.1851906769698,0.18966671999999998
Houston TX,Austin TX,0.00075,146.72990195638008,8.999999999999995e-05
Seattle WA,Nashville TN,0.192599,1974.655720099241,0.023111879999999998
Rest of KS,Rest of CO,6.548487,413.5650343782327,0.7858184399999999
Idaho,San Francisco CA,0.014921,598.180005070842,0.00179052
Mobile AL,Miami FL,0.007273,9315.530470296884,0.0008727600000000001
Rest of MO,Savannah GA,0.000522,690.754249899109,6.263999999999987e-05
Seattle WA,Rest of CA,7.721165,1994.8197030097272,0.9265398
Orlando FL,North Dakota,0.05056,1668.862698923608,0.006067200000000002
Rest of KS,Columbus OH,5.147772,768.6556541431845,0.6177326399999998
Rest of IL,Nashville TN,0.001812,387.9728209801712,0.00021743999999999992
Cleveland OH,Rest of PA,5.9e-05,684.6641303682813,7.079999999999953e-06
San Francisco CA,San Diego CA,8.248209,458.0286513160705,0.9897850799999998
Rest of IN,Mississippi,3.514951,9167.62319639368,0.42179411999999994
Savannah GA,Rest of MN,0.000442,977.321701864319,5.303999999999991e-05
Charleston SC,Cleveland OH,0.010554,608.4397437889978,0.00126648
Rest of WA,Seattle WA,0.007172,8889.24945162394,0.00086064
Miami FL,Columbus OH,0.209523,991.119936235354,0.02514276
Rest of CA,Baltimore MD,0.178861,448.8984113390004,0.021463319999999998
Rest of SC,Miami FL,0.0014,618.7419659391663,0.00016799999999999994
Los Angeles CA,Rest of IL,0.031122,1746.8195277382142,0.00373464
Rest of CO,Rest of VA,16.567443,1452.9826563121774,1.98809316
Rest of TN,Laredo TX,32.350723,5782.603757260491,3.8820867600000004
Los Angeles CA,San Diego CA,0.00077,111.09265847222484,9.239999999999932e-05
Rest of NE,Detroit MI,0.130286,8064.455683505573,0.01563432
Baltimore MD,Knoxville TN,0.068582,461.8892582504285,0.00822984
Rest of SC,Greenville SC,0.074587,24.308529657886464,0.008950439999999999
Rest of OR,Rest of WA,19.424561,8892.874936879223,2.3309473200000004
Miami FL,Rest of WI,0.181606,1270.5090857663872,0.021792719999999995
Rochester NY,Rest of WI,32.548711,523.8483947140622,3.905845319999999
Cleveland OH,Columbus OH,0.017798,126.33231493667532,0.00213576
Tampa FL,Miami FL,0.003503,204.7559649422746,0.0004203599999999998
Tampa FL,Orlando FL,0.002899,75.4030154931567,0.00034787999999999925
Tampa FL,Miami FL,2.027917,204.7559649422746,0.24335004
Rest of MO,Rest of CA,0.134356,738.4771457438897,0.01612272
Maine,Rest of NH,1.841934,3033.3123104141937,0.22103208
Houston TX,Rest of WA,0.63383,10546.200262623104,0.07605959999999999
Milwaukee WI,Baltimore MD,0.002472,642.758924702711,0.00029664
Rest of CA,Laredo TX,0.670344,1620.1019056662735,0.08044128
Rest of NY,Grand Rapids MI,0.062221,621.8923347953727,0.00746652
Phoenix AZ,Tucson AZ,0.005418,105.9348761349123,0.0006501599999999992
Hartford CT,Seattle WA,0.078238,2435.594213039576,0.009388559999999999
Greenville SC,Charleston SC,0.016249,200.52938407062356,0.0019498799999999995
Detroit MI,North Dakota,0.865225,929.3226470747744,0.103827
West Virginia,Miami FL,0.007827,876.0168363786735,0.00093924
Rest of SC,Rest of TX,0.055665,1021.216683548238,0.0066798
Rest of NY,Mississippi,0.664764,1024.2704037357878,0.07977168
Denver CO,Rest of KY,0.129818,1212.9708840463147,0.015578159999999994
Rest of IN,Rest of NE,5.635256,2211.155105281214,0.6762307200000001
Grand Rapids MI,North Dakota,0.860257,791.4054189194181,0.10323084
Rest of KY,Miami FL,0.007384,837.8276864119696,0.00088608
Miami FL,Nashville TN,0.032246,814.7711935530605,0.0038695199999999996
San Francisco CA,Rest of IL,1.262573,1861.90429724857,0.15150876000000002
Detroit MI,Sacramento CA,0.102531,2025.45915679684,0.012303719999999999
San Diego CA,Los Angeles CA,0.016429,111.09265847222484,0.00197148
Savannah GA,Rest of NC,3.337586,519.9611218519426,0.40051032
Rest of MA,Houston TX,0.91441,1423.256144306615,0.10972919999999999
Tulsa OK,Cleveland OH,4.9e-05,853.6011372351879,5.879999999999994e-06
Milwaukee WI,North Dakota,0.001399,690.7300342827331,0.00016787999999999997
Mississippi,Rest of CA,3.913383,987.2805772298816,0.46960595999999993
Rest of WA,Idaho,16.105899,9336.603805577388,1.9327078800000002
Rest of NY,Rest of CT,0.037003,612.7681835411463,0.00444036
Rest of MI,Miami FL,2.720517,1094.7813934985616,0.32646204
Rest of WI,Los Angeles CA,0.143639,1741.2991911268975,0.017236679999999997
Rest of DE,Baltimore MD,0.284291,4016.667416021304,0.03411492000000001
Detroit MI,Rest of TX,0.009082,1095.3699401050806,0.00108984
San Francisco CA,Rest of PA,0.165037,2140.5352821792144,0.01980444
Rest of OH,Rest of WI,21.085165,359.4251373932368,2.5302198
Birmingham AL,Rest of OR,0.005389,2058.5918155508502,0.00064668
Rest of OR,Rest of WI,0.085858,1775.8944366688174,0.01030296
Montana,Knoxville TN,0.030023,1535.7862219119393,0.0036027599999999996
Houston TX,Rest of WA,2.132655,10546.200262623104,0.2559186
Iowa,Montana,0.227809,886.2013869796237,0.02733708
Raleigh-Durham NC,Rest of MN,1.08608,1027.9633863274723,0.13032959999999996
Tucson AZ,Birmingham AL,0.111019,1407.3008082653962,0.013322279999999997
North Dakota,New Mexico,0.066303,943.2092191535128,0.00795636
Charleston SC,West Virginia,0.133721,395.3632264228977,0.01604652
San Antonio TX,Fresno CA,0.00198,1330.1586766331095,0.0002376
Rest of TX,Tampa FL,0.244218,1148.3879341136794,0.029306159999999994
San Antonio TX,San Diego CA,0.016064,1128.7588097241724,0.0019276799999999993
Wyoming,Rest of CO,0.774244,333.56352342387464,0.09290928
Los Angeles CA,Rest of CO,0.046386,817.0217416077743,0.005566319999999999
Greenville SC,Savannah GA,0.008202,608.0085419630025,0.00098424
Rest of WA,Sacramento CA,0.501975,8994.631916496734,0.06023699999999999
Maine,Miami FL,0.460682,1511.2749700444317,0.055281839999999985
South Dakota,Wichita KS,0.00013,504.8765963960443,1.559999999999982e-05
San Diego CA,North Dakota,0.089152,1347.5903113249483,0.01069824
Wichita KS,San Diego CA,0.023754,1170.7421258550355,0.0028504800000000007
Savannah GA,Atlanta GA,16.955701,712.9475231519264,2.03468412
Beaumont TX,Houston TX,0.084893,79.35966232709066,0.010187159999999999
New Mexico,Milwaukee WI,0.005318,1133.6315273200037,0.00063816
Rest of CO,San Francisco CA,0.001282,959.1913130819868,0.00015383999999999995
Raleigh-Durham NC,Baltimore MD,0.033431,263.77715455974766,0.004011720000000001
Raleigh-Durham NC,Rest of NC,34.260957,153.70720454779857,4.1113148399999995
Maine,Rest of FL,0.090441,1304.103939893955,0.010852919999999999
Rest of AL,Mobile AL,0.214602,9177.314096342869,0.025752239999999996
Phoenix AZ,Wyoming,0.18814,713.5493843421538,0.0225768
Los Angeles CA,San Diego CA,0.002811,111.09265847222484,0.00033731999999999924
Houston TX,Seattle WA,0.087358,1890.5693196303328,0.010482960000000003
Indianapolis IN,Phoenix AZ,0.000497,1499.0654976504177,5.963999999999999e-05
Nashville TN,Mississippi,26.505587,277.2213087598807,3.18067044
West Virginia,Savannah GA,0.001156,345.8368709504436,0.0001387199999999999
Houston TX,Laredo TX,0.032134,295.4127001238546,0.00385608
Fort Wayne IN,Salt Lake City UT,0.129994,1394.7196677402392,0.015599280000000002
San Diego CA,Los Angeles CA,0.000894,111.09265847222484,0.00010727999999999927
Birmingham AL,Maine,0.000698,1264.896767821676,8.376000000000002e-05
Maine,Rest of AZ,3.3e-05,2395.7200004884976,3.959999999999979e-06
Rest of KY,Detroit MI,38.661015,316.60809753640694,4.639321799999999
Baltimore MD,North Dakota,0.08407,1326.4684555241652,0.0100884
Rest of WI,Detroit MI,2.523149,256.0895041625975,0.30277788
North Dakota,Rest of WA,0.046774,9844.811077540931,0.0056128800000000015
Rest of LA,Wyoming,0.090913,1400.61645035285,0.010909559999999999
Maine,Laredo TX,0.011859,2094.686918673377,0.0014230800000000002
Los Angeles CA,San Francisco CA,2.023017,347.54565848377683,0.24276203999999996
San Francisco CA,Sacramento CA,0.175191,74.81065277379628,0.02102292
Houston TX,Seattle WA,0.016244,1890.5693196303328,0.0019492800000000007
Rest of FL,Savannah GA,5.794899,925.475761908556,0.6953878799999998
Rest of CA,Rest of MA,0.002415,440.01757740419015,0.0002898
Detroit MI,Rest of WA,0.102998,10735.007218545166,0.012359760000000001
Rest of CA,Alaska,0.005923,2887.714103668217,0.0007107600000000001
Los Angeles CA,Houston TX,4.911999,1373.528870817464,0.58943988
Rest of OH,North Dakota,0.160117,1041.5486390641397,0.019214039999999998
North Dakota,San Antonio TX,0.142852,1259.848840952201,0.01714224
North Dakota,Atlanta GA,0.018856,1273.740913734733,0.00226272
San Francisco CA,Rest of CA,0.86148,2223.365496058656,0.1033776
Rest of NY,Rest of CT,0.45343,612.7681835411463,0.0544116
San Diego CA,Phoenix AZ,0.139802,299.83266813088363,0.01677624
Nashville TN,Montana,0.047611,1403.9201976545205,0.00571332
Beaumont TX,Denver CO,0.002182,910.2321807493174,0.00026183999999999995
Grand Rapids MI,Orlando FL,14.413383,1021.8407894891378,1.72960596
Corpus Christi TX,Charleston SC,0.002059,1098.340754596367,0.00024708000000000005
Detroit MI,Nashville TN,10.663979,470.0874332882186,1.27967748
Knoxville TN,Tulsa OK,1.610261,675.521201846145,0.19323131999999998
Dayton OH,Los Angeles CA,7.434671,1914.17935143361,0.8921605199999998
San Francisco CA,Tucson AZ,0.5164,752.895071484061,0.061967999999999995
Houston TX,Rest of KS,0.00214,600.9637656988156,0.0002567999999999999
Rest of KY,Wyoming,0.007861,1359.503582228893,0.0009433199999999998
Miami FL,Nashville TN,0.004359,814.7711935530605,0.0005230799999999999
Los Angeles CA,San Diego CA,0.014139,111.09265847222484,0.0016966799999999995
Tulsa OK,Rest of AL,0.214373,685.3584079138033,0.025724760000000003
Maine,Rest of CT,0.000117,1028.682284336685,1.4039999999999945e-05
Rest of CA,Houston TX,0.003019,1349.1681191779055,0.00036228
Rest of IN,Rest of PA,5.543696,9142.299637858569,0.6652435199999999
Nashville TN,Charleston SC,0.014486,454.0040113877741,0.00173832
West Virginia,Greenville SC,0.13097,264.46731866708893,0.0157164
Rest of VA,Rest of CO,6.4e-05,1452.9826563121774,7.679999999999984e-06
Phoenix AZ,Rest of CA,4.443286,1874.9978843273464,0.5331943199999999
Rest of AL,Rest of IL,0.129746,688.0898892382937,0.01556952
Houston TX,Sacramento CA,2.155568,1608.459071114415,0.25866816
Savannah GA,Rest of GA,5.0674,3486.7605394923075,0.608088
Arkansas,Austin TX,0.228228,458.8751415198058,0.02738736
Rest of WA,Rest of TN,0.000146,7895.971553628877,1.7519999999999998e-05
Rest of NC,Atlanta GA,0.045165,225.2674404212191,0.005419799999999999
Maine,Iowa,0.034095,1244.9137575665502,0.004091399999999999
Rest of PA,Birmingham AL,2.976616,145.3398817510192,0.35719392
Rest of TN,Rest of WA,0.000891,7895.971553628877,0.00010691999999999999
Greenville SC,Mississippi,0.181827,440.9137089622457,0.021819239999999997
Tulsa OK,Oklahoma City OK,0.000265,97.70485113267404,3.179999999999965e-05
Birmingham AL,Charleston SC,0.001216,399.15079883768544,0.00014591999999999985
Grand Rapids MI,Cleveland OH,2.0432,227.4750701771308,0.245184
Rest of WA,Rest of IN,0.053976,3461.6728528356875,0.00647712
Baltimore MD,Rest of CT,0.030709,438.7436372206971,0.00368508
Rest of IN,Wyoming,4.66282,8557.459107323908,0.5595384000000001
Cleveland OH,Milwaukee WI,2.147596,335.7645223205167,0.25771152
Idaho,Salt Lake City UT,0.02163,227.10585941657587,0.0025956
Rest of KY,Rest of NC,1.666856,135.58520761629632,0.20002272
Houston TX,Denver CO,1.087558,881.1071725281374,0.13050695999999998
Rest of NE,Baltimore MD,0.01086,8332.973371972335,0.0013032000000000002
Orlando FL,Tampa FL,0.00325,75.4030154931567,0.00038999999999999983
Maine,Rest of AL,0.011194,1287.653686835501,0.00134328
Salt Lake City UT,Rest of OH,0.215814,1581.9587678413884,0.025897679999999992
Los Angeles CA,Milwaukee WI,0.002678,1744.447435279326,0.00032135999999999997
Birmingham AL,Mobile AL,0.021382,9119.73903241901,0.00256584
Rest of KS,Miami FL,0.155502,1316.376369938293,0.018660239999999998
Los Angeles CA,Birmingham AL,3.794833,1804.00469067631,0.45537996
Rest of NY,Baton Rouge LA,0.001378,987.8681595476122,0.00016535999999999995
Savannah GA,Charleston SC,0.000545,732.9006357366322,6.539999999999994e-05
Rest of OR,Milwaukee WI,0.02146,1779.659199546042,0.0025752000000000006
Knoxville TN,Detroit MI,0.605471,442.00082398114176,0.07265651999999999
Detroit MI,Milwaukee WI,3.800835,252.34577437996623,0.45610020000000007
Laredo TX,Rest of TX,0.66229,465.8911292912494,0.0794748
Greenville SC,Richmond VA,7.966112,9378.875655533908,0.95593344
Oklahoma City OK,Los Angeles CA,0.005427,1180.895161225763,0.0006512400000000001
Rest of KS,Savannah GA,0.00707,977.321701864319,0.0008483999999999999
Rest of OR,Denver CO,0.037636,960.5387275479768,0.004516320000000001
Baltimore MD,Rest of SC,0.935202,464.8698198749236,0.11222423999999999
Rest of LA,Rest of AL,4.7e-05,246.75580597012168,5.63999999999965e-06
Knoxville TN,Los Angeles CA,0.020491,1941.1247488028969,0.0024589199999999994
Houston TX,Austin TX,4.743983,146.72990195638008,0.5692779600000001
Miami FL,Savannah GA,0.018866,1216.200129359304,0.0022639199999999996
Los Angeles CA,Rest of KS,1.409588,1210.919465353786,0.16915056000000003
Rest of CO,North Dakota,0.018102,644.3095001125928,0.0021722399999999998
Rest of OR,Seattle WA,0.05223,360.6309386201892,0.006267599999999998
Rest of LA,Los Angeles CA,0.199691,1975.4938556825907,0.02396292
Los Angeles CA,Rest of CA,0.004891,2147.207519590654,0.0005869200000000001
Salt Lake City UT,Rest of OR,33.482607,593.059923304269,4.01791284
Rest of NE,South Dakota,0.81545,7588.516309744247,0.097854
Rest of FL,Fort Wayne IN,0.007954,762.8868026362153,0.00095448
Rest of TX,Houston TX,0.001261,427.8731791669677,0.0001513199999999999
North Dakota,Rest of TN,0.011423,4780.61005902945,0.00137076
Austin TX,Rest of WA,0.581977,10400.087238398315,0.06983724000000001
Rest of AL,San Diego CA,0.00019,1866.7362021086944,2.2799999999999985e-05
Laredo TX,Arkansas,14.492194,674.3863911086939,1.7390632799999997
Cleveland OH,Fresno CA,0.011158,2056.045124993725,0.0013389600000000004
Los Angeles CA,Birmingham AL,2.845974,1804.00469067631,0.3415168799999999
Charleston SC,Raleigh-Durham NC,0.065506,223.07294079895848,0.00786072
Savannah GA,Nashville TN,0.057281,625.4894517776788,0.00687372
Laredo TX,Rest of NE,3.88398,8614.573078474856,0.46607760000000004
Rest of GA,Rest of NY,0.650329,3365.1608787521554,0.07803948000000001
Vermont,Rest of GA,0.05435,3149.1045960989577,0.006522000000000001
Rest of NC,Rest of TX,5.830174,1076.5866195691972,0.69962088
Montana,Rest of NY,0.001872,1815.9169681976823,0.00022464000000000004
Baltimore MD,Rest of IL,0.462055,601.7441417439342,0.05544659999999999
Tulsa OK,Denver CO,0.397237,552.3295417682092,0.047668440000000006
Idaho,Cleveland OH,0.032277,1645.1376355908378,0.0038732399999999996
Arkansas,Rest of CO,13.188151,726.0305871608708,1.58257812
North Dakota,Nashville TN,0.006637,1059.4725982773934,0.0007964399999999999
Denver CO,Milwaukee WI,1.936826,915.527111157224,0.23241911999999998
